{
  "mean": [
    29.541526794433594,
    26.71449851989746,
    76983.296875,
    1.020133137702942
  ],
  "std": [
    119.38683319091797,
    79.35807800292969,
    777219.5625,
    6.13850212097168
  ],
  "feature_names": [
    "tx_count",
    "unique_counterparties",
    "value_variance",
    "device_assoc_count"
  ]
}